sound,distance,visibility,alarm
0.21135709664523478,0.5345875711967191,0.2952270639086249,0.007862943876856043
0.18715643207512644,0.507069306618962,0.18598337973000822,0.191823497084967
0.3006172656965182,0.6030787885715916,0.17861805428337307,0.0741396034967654
0.11375145317370822,0.8920076475248548,0.3873081634360335,0.4393193838921846
0.42748918527149316,0.6811926543455653,0.37062462278011254,0.4113354541290417
0.3976747942221225,0.624682707492386,0.21579600963992213,0.43736581274158065
0.17090466034486262,0.6138376529107675,0.0014105610458265971,0.46427163664243526
0.45520952024793215,0.7713538001513258,0.17899914760288183,0.3090196931832588
0.36927651695329333,0.7152337778373146,0.20341411030588313,0.12220486179799461
0.3593377250244111,0.5196864084066902,0.05084278240604723,0.11554165198440647
0.48496963370663454,0.5626619933135804,0.29138339948152886,0.48076955963632084
0.19386004453613231,0.6696439881777312,0.03035988417377572,0.008601886501360123
0.31340841313369827,0.703031353849222,0.4515564012864204,0.14528190353662573
0.23939976068903285,0.8095936252213434,0.3114009222385756,0.3516882607400597
0.1485804782843454,0.6688873798170804,0.3171881920782807,0.21531735680947328
0.42835475784253446,0.8907641066355214,0.4548011389831142,0.23279244126915455
0.381754820258033,0.8239327931085607,0.1130358161885211,0.3055340195013639
0.06358959682918153,0.662728425419555,0.09885692124495532,0.3837712846945073
0.26950978156839,0.7611681664383083,0.30901098218228457,0.12083791177734138
0.09228116057334662,0.7481670211986533,0.05330947905582617,0.3021960394154679
0.25624965195503874,0.8268145523421373,0.350664994350396,0.3594098934951859
0.0007878823995279838,0.6611845668731453,0.11217405460588198,0.26713912464701384
0.31047902362408003,0.833556912109902,0.34073486126134295,0.4455411646214268
0.19816818438259953,0.6420246912235842,0.43785922641711317,0.023470880213980527
0.14907373038414,0.7725666897808706,0.44671681706690064,0.4156981053241092
0.1728903583136855,0.671672122568144,0.022190608765725095,0.33170543132904934
0.24120275347639775,0.8590756762319987,0.1015526576216767,0.2586889788717536
0.2431191537295257,0.7420046743260666,0.011944598381554372,0.11739864049655147
0.24605390705835312,0.7538460602216224,0.17564099355747248,0.28974385531195873
0.35048709424133745,0.8426474091175036,0.03900263550915495,0.08578774958504132
0.478091531080667,0.8962537480718076,0.08349998915802426,0.3929502857655782
0.3206750709043791,0.6992846379924151,0.3365106047695586,0.471117092966193
0.28946398026318737,0.8599749554133073,0.05888723523100636,0.45774516956220906
0.35036153502056366,0.5128989687914076,0.4878558708189954,0.3630608503859811
0.3790252740715555,0.5057363670212829,0.4265989228000079,0.4837536439799736
0.4372788615793186,0.7823998196218289,0.3686796836607432,0.22245683787596682
0.15808488011676364,0.5959561439913792,0.46157074687417937,0.25884038510974994
0.20689181530610234,0.5077491675951158,0.27536359771549457,0.08457454142174065
0.04542846508734749,0.5163364946544585,0.46480274330347643,0.46208250814847796
0.26936352979122297,0.6948856831810973,0.02521491522358993,0.332468777894644
0.12450996119203606,0.7609098243749371,0.4719571403297633,0.09089439927354775
0.029797367649363582,0.7903034202782618,0.28114062878250856,0.22361236731320394
0.23425248928849307,0.7360275026909728,0.21830455345055483,0.22359846837416392
0.15852067878129739,0.5425371412761457,0.02411239416000538,0.11091160997657956
0.16953250651392732,0.6054873996860424,0.14916681407027643,0.42184674542678413
0.1004443798365201,0.5339526611222226,0.3731690050585165,0.007066538592369553
0.1238439862787501,0.6595849204223153,0.03408034452303643,0.192463594670855
0.43391116239538796,0.7782889616944295,0.48404768196428927,0.23004486814881292
0.13310972912767322,0.8717498452466368,0.2264267735938078,0.264396837634869
0.27144260054522773,0.7298448552126192,0.4375752525055497,0.4504861610920457
0.1699095225905733,0.6400200375432944,0.25694340963815854,0.4370453839301655
0.19420297472556453,0.8154403501690142,0.39770174689227406,0.22244096190205342
0.40944523064863436,0.702371136813202,0.46427682170742957,0.2312182073083795
0.3300116286747759,0.6072767134277135,0.02017575903133667,0.11685293520317336
0.13117516619246605,0.60011098344504,0.07647891787525785,0.00957970773730743
0.237877223249988,0.6375255947983081,0.3457456813124393,0.20184301079834843
0.1508822691539603,0.7750492762008412,0.3078550332567483,0.4806360742707335
0.2962502076053091,0.7684105222235007,0.4940926655819229,0.4520152536574638
0.021369388504437203,0.6519371226875038,0.09557824447807911,0.29333995909196975
0.34735929418484596,0.8424467095610564,0.41572758098068896,0.22135160332324183
0.11548495959144461,0.696280619348911,0.0442358182380575,0.06681643156538053
0.43482219357162444,0.6844614918254008,0.12164413188152035,0.3836848287996905
0.12601256929709753,0.6376288206949486,0.21554807643801016,0.19992008535840572
0.1731356987012332,0.6804699760718323,0.2912296583197041,0.4388524275111188
0.006099000663018106,0.7225170248514284,0.14525211482608286,0.36560867094094734
0.34121938105530064,0.517456849856937,0.4029721360410515,0.10175697549868051
0.34402693797314954,0.8306030010762461,0.4276103638539466,0.20396510125142486
0.14545009502971606,0.829036696863013,0.07835415725922396,0.23016120861260164
0.05363511986091973,0.5931964341935615,0.2707085529746035,0.22228869582309518
0.37666071554755964,0.6385901237086067,0.46959493444384964,0.45261788669257974
0.029232573763108616,0.8174818124679205,0.412514438307747,0.17671031286940891
0.09772502255885551,0.634153830279057,0.031995461217328824,0.014077981690602426
0.21502478643643735,0.7969445603828579,0.11112063762796853,0.08488480554366151
0.48185835664944543,0.8900282832341297,0.16854018125449116,0.021913557177774712
0.07995219643489615,0.6382920917836935,0.43525293263395237,0.1967608441508863
0.3104513050249725,0.8867619534845932,0.26108392326487445,0.4491401830243094
0.4379900203668164,0.6499517144932415,0.29873522139297765,0.36817316399392225
0.49816802504121993,0.7518680508874501,0.3198263019967954,0.2553403420810364
0.22721828610873734,0.8602647448758911,0.005314447826051616,0.12485407998955222
0.19097048019835988,0.5539543703590799,0.08905889208983853,0.4713211118335172
0.3935982430715381,0.8010890937132515,0.37042729939648045,0.1637543395913429
0.07510048967038135,0.6104387048552693,0.3834411190014904,0.26446331320199323
0.1502987049589503,0.7835729646954104,0.1350104918782355,0.282244833991239
0.09642234932775023,0.6473911850897185,0.34288360635256515,0.2565665397041605
0.21461035250669525,0.885147002169657,0.27853206694469845,0.05716435762929811
0.30303653805138575,0.6416049235088177,0.3900320591474879,0.1286667985541537
0.10789016262904844,0.77042712720513,0.36752446475266504,0.008603749480779244
0.06835920591728029,0.6441148982805859,0.032672188522937406,0.2802260049880994
0.1275498937122031,0.7546469183884824,0.0855832678510654,0.4386963108313678
0.3660367890344044,0.6681831898668109,0.3674186996446444,0.07076702440944416
0.34069504099877973,0.5147294009267454,0.370316720203094,0.27611152317944004
0.2893686700700001,0.6440911735929923,0.44590555762372674,0.06828913346242116
0.45920110982809637,0.7365299302772602,0.2845202282494874,0.09464152981973745
0.07890445166250981,0.8960081459241718,0.4909908597244246,0.3369994858734669
0.08105495277036295,0.8575346370032181,0.37088094892836926,0.24176547672947152
0.363281239446058,0.6623708434211999,0.4723850181678914,0.42766107026730643
0.1940386167403133,0.7017007725792029,0.014987111816149146,0.20478028680759774
0.4633719825856367,0.6571915634515817,0.20307610210165222,0.3239008913472262
0.17177842531748128,0.771915997000639,0.11009599513766655,0.47100474503686895
0.06188501474528385,0.674912836044529,0.32388832758446817,0.4772813582758939
0.3095475996451883,0.6867851004782006,0.34525817282703813,0.10290105130561039
0.42555643118609604,0.6770027054474684,0.020303891028202015,0.41405862583393915
0.0921636655405702,0.8410067117070053,0.21080489936546726,0.13208665765811844
0.08582647851988845,0.7976137161598209,0.029189399304954733,0.2980161577633937
0.011968744186990177,0.5767871444445606,0.14120464760706808,0.19905433269806483
0.19702791210775455,0.5259898736515991,0.043021478223636556,0.16922144005818124
0.08171287440874736,0.6479840897653018,0.12715976552697822,0.3391514820920254
0.47179245989164054,0.5181420723953677,0.3831361063715338,0.19544266751440942
0.2218572855292547,0.6500415436119287,0.19024747455300878,0.360695851975665
0.3492583739816721,0.8852794315548529,0.10910237484801316,0.39908094098119995
0.3992247715071219,0.5620996785889162,0.032445317191445056,0.40896496561278467
0.24996747894102117,0.539522807623472,0.3659924303742429,0.392956887042631
0.34634365781507825,0.5548244015502127,0.3892660039411934,0.4258499156228461
0.10871681275372835,0.7864457290265237,0.3115098690240028,0.07744394066007293
0.04829063357716684,0.8230892130995108,0.4248820780088124,0.43650571913527253
0.16421330668979967,0.8110327214301608,0.16354281062036669,0.4484902868341631
0.3973610781590703,0.5954361127168211,0.18139847648710178,0.0823483017658001
0.45630520676139297,0.7167332975481198,0.24448952931837525,0.4359365436583623
0.25128371444872205,0.5746077013045939,0.026156076282519203,0.48497552986148257
0.2697251823456697,0.518346123397705,0.3602654249058227,0.3316440344312731
0.4026410917226856,0.6781309219715637,0.49630925049401603,0.04637515322682334
0.40186649128317836,0.7949386707796313,0.3388579494026784,0.23191105989491367
0.37279638813507254,0.8058110512583895,0.0020243262995237044,0.31528003971476015
0.14132123734717084,0.5865658631282735,0.2313938978837421,0.054982715508446134
0.14630939683821464,0.8785171814117789,0.3861583306239704,0.37792944465227385
0.17262410113771537,0.7503213916061642,0.06860896039578024,0.10198605681445844
0.3581917058675389,0.8408777180631971,0.3459285256918699,0.0830532442825932
0.4105293762242619,0.6116472854438426,0.02999824136551288,0.4723615223564946
0.24087112384592452,0.6090165655051681,0.05678546964647013,0.26860711209109717
0.16288421849014834,0.724564367033324,0.3192136330333259,0.3506904642556666
0.21044099966831176,0.6031055904117748,0.27318343736039813,0.29421714057750087
0.020301891499534208,0.6752888704783816,0.22047616392887692,0.3704104751022255
0.01608698993253671,0.5854156886965842,0.4984617588556357,0.03493090248984915
0.12262877625615787,0.6709165686662184,0.07175843862492254,0.37739293141450303
0.22011160706681515,0.8364912464275531,0.3936825638075906,0.486290754248736
0.11507496471418516,0.6645787602112593,0.4065497412326263,0.4216514442348151
0.188617367298835,0.7154545819681147,0.35891577758743176,0.28997209570456195
0.19480181057049184,0.5533878253405584,0.4520938753269726,0.17845949679458956
0.4258795071054037,0.6045221838040289,0.3669482230747558,0.3728643650540086
0.26227139498153357,0.7579284394690997,0.01828905918074064,0.4663986081323163
0.20573718878645963,0.8153021394499105,0.48011409658487647,0.34589184189544353
0.3728654021580462,0.6465829294971119,0.08771498214224832,0.06478063701948811
0.4807857274849651,0.763553144593115,0.15941315726545902,0.06862877237600806
0.4449786137891104,0.5411654056576963,0.28200794072293095,0.2541543267457804
0.3192915164080458,0.7894919212330221,0.4791595512591348,0.4848412761085491
0.08741461412272389,0.7476301754971711,0.3913242361647827,0.2136129116714462
0.13660613169925245,0.5511413350039087,0.34500619594440946,0.05856201497847696
0.39348218987959377,0.5693699237536813,0.3345811824927977,0.020005746484309084
0.33578907262790086,0.5916150488146652,0.24483924951159486,0.05937386452903942
0.036438409209847145,0.66125708149801,0.23388684120377912,0.05880219918226631
0.11458058240373303,0.5011383685217565,0.24881438057857297,0.4075026816826915
0.1427394636170719,0.6247157898504069,0.499848302571259,0.43065960827868294
0.3900278151217483,0.7948026111810702,0.04539981810509375,0.4526871722650368
0.047949209194175,0.7646948744401036,0.08093683666799678,0.04052524949982822
0.4609684982140621,0.6383264194487651,0.19357389345448267,0.33483390126475987
0.0503931544634415,0.8317356119714989,0.20425869281256143,0.2082193669120252
0.04330997206225812,0.5476721310747087,0.3884401673611982,0.22034177647436853
0.46804247632777884,0.6278498824259415,0.24718144858732793,0.16010267816931845
0.0313013508808373,0.766039974184616,0.3684218179221615,0.4964918130834252
0.11148147939647618,0.5580427634926594,0.018957315622957827,0.06830503815586136
0.19150110063999115,0.7053969478583682,0.025104300305159255,0.23882721007233448
0.3165739778955151,0.617424943381122,0.07190950102490568,0.37024647059268256
0.18802972758126602,0.8834056491057163,0.13222551224221407,0.13421794205544968
0.11787661498027452,0.8358106392981408,0.27437398680538727,0.09418640753819724
0.4447656332415224,0.631813945145508,0.3009070263624456,0.08212816739987427
0.3497466237697515,0.8554678331852557,0.0944089699465967,0.1765644341802603
0.14759669605075337,0.6800488005306778,0.06971411833816077,0.0939717524344289
0.12081103181854563,0.6697089378244283,0.4245706741143919,0.3323878782318381
0.2756437854203058,0.70633702239115,0.20250318034802467,0.21519172962699956
0.22551378630608876,0.5711123194350204,0.06080783240880411,0.45966622549836206
0.4917474943919311,0.8630146924767014,0.10239711187712752,0.25621238585429956
0.2987271161992402,0.6625780430071918,0.4142063062955591,0.3795568744878723
0.2266428622541729,0.6796708707330869,0.30250116557969786,0.02832836216288359
0.2981882826493494,0.7201841180941334,0.20012650985515507,0.17358293683142884
0.18550234881484323,0.6531382782489336,0.4623914212809174,0.39061305450211625
0.14571045169931873,0.6992150270888315,0.2295188190396587,0.4954726342679779
0.29443074848688355,0.8348062776432822,0.16936209118996992,0.36245082720503613
0.47053928140829515,0.7173705837756432,0.2992931680304896,0.15399574375822084
0.3206236327742572,0.8749842228814343,0.37842591099605055,0.16388931169173465
0.34461749620716303,0.7319705692417628,0.2086475843084497,0.029571922398240802
0.19895156990555352,0.5053091255824733,0.3023438226058644,0.3448832743355321
0.4836933585002852,0.6374902137542079,0.4091351350999608,0.41270845845983356
0.29072302961193147,0.6420627244424497,0.4940385972531991,0.080661880359013
0.04262717055289855,0.6360316799206773,0.26537530707293855,0.14271165261784224
0.21978402055457502,0.7045793899176187,0.3417358813241524,0.4622506360818369
0.4340321382623175,0.8827536589467726,0.43386813730507073,0.08031592427729556
0.3998555283528961,0.7804282171359846,0.16224404127988856,0.2837380570153246
0.0654256752290665,0.6014192250365107,0.04528478930248403,0.39855360419016367
0.48497454106015797,0.6243631432319584,0.3889543528025979,0.47016014639862214
0.24632104645916958,0.7283206469014374,0.01852922255913647,0.31732724200669354
0.2260920024464671,0.6615859902318839,0.28125294857552724,0.09927148365152805
0.35196609647991856,0.561337506095988,0.10809789895190769,0.4128193345708493
0.28912912917211286,0.7474518774372764,0.3624509756380281,0.13801973829663927
0.02394089850623332,0.5336108079256643,0.42856514792635936,0.12405678438921053
0.21206554708521058,0.638859476517382,0.27888467709792747,0.45747776555745956
0.4959468135398334,0.8631426500234759,0.14846541444318828,0.3863574546781343
0.433227575309618,0.5020050418662885,0.10661176982316073,0.17935661655551538
0.1989474130946201,0.5564982627609949,0.21312812200136438,0.007964495200131427
0.45739050446748464,0.8746806895937447,0.3614342664642387,0.21726430846276928
0.13350540941919237,0.6782730686627484,0.28651676077454674,0.14911766632199253
0.0010097320588767222,0.7446769852260798,0.24925416609859935,0.3330239127476471
0.3085203139595115,0.8449003067863743,0.2018327708423463,0.3088371055485886
0.4085566572223559,0.721309233618665,0.4040042027086662,0.25143026221345494
0.23427681761419095,0.8791685728491418,0.12749616158012222,0.34671823395340534
0.37422187110379823,0.5920459904232991,0.4935480897459577,0.21614062104180926
0.1391919916297611,0.5790522480630036,0.41197352764217476,0.09258064093238111
0.22823760974531138,0.6655090182394454,0.21966481214607025,0.4661334546022797
0.09543989443690537,0.7562769775130204,0.26553918198467463,0.494049040787603
0.06697940917283068,0.6702554027308015,0.17432131257685357,0.39082752272979193
0.08731585987008955,0.7585007158032517,0.3461885644264222,0.3001158987497495
0.03894148403275394,0.7173802716374258,0.10745833202876598,0.3743662139677835
0.1361544750596042,0.7419433016971916,0.3887005012401949,0.17323442708398035
0.21044998712038293,0.5942227995489633,0.16153918114029264,0.40822873242174484
0.032394052583864186,0.569731010004016,0.25587275577364915,0.45506864559083526
0.2118982789263103,0.7347957801103217,0.26972841659205776,0.06248882922546528
0.013335546010786459,0.7912486625391927,0.3913693067729057,0.2990986997693939
0.3041404029236434,0.504000027271331,0.3779905292973148,0.02834555457660154
0.0513745468962698,0.8799602782407034,0.1270422709149801,0.2618435166396178
0.3131634221256462,0.5446750020292972,0.21872665661324653,0.2237811485739643
0.316695570602159,0.6497529387272862,0.1413556889461149,0.28794686493558785
0.3195360752436266,0.5114933121197462,0.31252744163342877,0.3825114811424477
0.49867417966513267,0.7305671968421165,0.3142978459239525,0.13558286845850603
0.46333425120189353,0.8252807047199553,0.03514868112562508,0.2754355702018289
0.4609059949280554,0.8932182801160913,0.22702724326832618,0.025702937993204167
0.31961085569390685,0.8892608676328575,0.1488438973195706,0.4220333426910572
0.3767933579012694,0.6318420408666365,0.13792694703315678,0.348302832994409
0.009450007104692404,0.7870360106733993,0.22631120901025858,0.36864566867630366
0.34167466219319814,0.7911318459625614,0.22915476445090865,0.15053660750665637
0.3905191999776245,0.6876973062719349,0.2717135273757372,0.24126115229028278
0.2259267835945722,0.5419076745189833,0.4277096611380849,0.08579547837321294
0.0650627833300898,0.706075690368364,0.2629571355839705,0.17673345420931563
0.2331557897384306,0.5218035240161727,0.217968699412748,0.31050580688741874
0.4752465782792463,0.6972439905216756,0.040709054497391095,0.022125288913414087
0.28808774940225945,0.6096676048176487,0.2753607932524209,0.21524295534684867
0.2524593926482139,0.8654167581226924,0.00731295782843,0.10346971568008267
0.17347374284679767,0.8370750106069982,0.3526499221093422,0.296237540650807
0.026943399454802286,0.8755806655448203,0.47294993686637826,0.00630061522406411
0.16362895527654364,0.7936691919312111,0.08456182309232729,0.4432287325126701
0.40409466100719926,0.8984188940863691,0.41598978777327333,0.3862415869088847
0.15253833725523208,0.5171960846594689,0.27723411840261164,0.43026759863146563
0.14197338300081136,0.8620951681846434,0.2977243517754269,0.3787601879529227
0.3074498164139486,0.5940601039666069,0.23037101949811933,0.3329007892741671
0.47592105246790306,0.6900233827649735,0.4996611740666752,0.38336796882838103
0.3774046023967537,0.6590407400044198,0.31730094433646233,0.09201662870645577
0.29492224638137765,0.8339128083329438,0.11563047606124854,0.3843464889581379
0.2053209625435456,0.7527106312105962,0.1345562966966572,0.35041275900831
0.09106197120854459,0.8571163510974489,0.19317512147053634,0.13766690686090516
0.12930076088095233,0.7520270333290267,0.19747912229995823,0.20776781115758097
0.09206159503536587,0.550289892694836,0.004452398839314253,0.46573871468069566
0.4957211450217835,0.5853601642058813,0.20356298846880289,0.14493093296233406
0.10410630742482974,0.668036809640744,0.0937283437890209,0.3549649109043109
0.07487778410968199,0.5822060207942604,0.3049964908019203,0.03083146866886266
0.43033561536155157,0.8113333371202143,0.4731983803025022,0.09336145027024179
0.12916574250897994,0.8841694870134362,0.4715916056846883,0.15512562497942184
0.24420309359622056,0.5618679896368471,0.11540116534150185,0.20255452437776317
0.48342182840756937,0.7316284327235919,0.022357161732622366,0.1837519415002838
0.3335316307611406,0.6905776025163458,0.4281283326378396,0.16850042126520204
0.41479981941372884,0.6329640222047644,0.010190591446257613,0.34027618038583674
0.15350410661740155,0.7328898811995397,0.217430196227748,0.32761853672812086
0.20423663011598342,0.5024469902480074,0.058679053668336534,0.20007569491860905
0.2305686077749976,0.583252139404907,0.3012402089948538,0.33004920622795203
0.10356796465618051,0.5411675658772842,0.029347549062254785,0.03827548104579004
0.43897486601714913,0.8042540473492301,0.4371729406323454,0.20989125803740283
0.24695692460777685,0.8088261931221943,0.011811753539904213,0.2501412609479484
0.28180637225528427,0.7545513987162269,0.35843572399445744,0.06764340853121786
0.229261331765375,0.5461467269230739,0.007228250802090774,0.2654892918088976
0.4578928622002162,0.5087042385178536,0.3263835400224649,0.11980022162609333
0.4441395898386141,0.588859960057629,0.05816602469022192,0.1250639660348027
0.10925285213595648,0.6865372354230413,0.21901437509661814,0.01143450730102985
0.08746996615629954,0.5551700287418188,0.09250181864468127,0.2145904772976942
0.00925807989095856,0.6142401344444438,0.06483686572803166,0.45798183461809994
0.1399322970025062,0.5184196711478152,0.01188119620429029,0.3149424347622378
0.2903708481804645,0.6846868521366832,0.0758493143907325,0.053871004011469215
0.03252122092500609,0.8223452553037724,0.00922828754086702,0.48336314576274736
0.4808283055761346,0.7998567922821658,0.2867555104973855,0.48282703475025057
0.12242565815797773,0.7068255296725744,0.44812858253353954,0.13865710088722832
0.45543121327772634,0.6276520939505784,0.03950887826342425,0.041163117352151446
0.42359161707417226,0.5707518409663006,0.17097411995071649,0.03812260441822729
0.2798781902789668,0.8342833596365025,0.4013211249326427,0.33774388413452655
0.4064401957267213,0.6336144815804448,0.3511303413691198,0.4845977645181204
0.23283815703366822,0.789919151369582,0.173758075968182,0.2768817319775915
0.27938752601092076,0.5486374039032816,0.08083754398282422,0.26593750283517226
0.055529622943309764,0.7148148062289871,0.12452181681160113,0.052015421474655765
0.20138827206094345,0.7810263153140466,0.44092468932001105,0.32872729002532164
0.0950665702205496,0.8942465397090873,0.14020652190766647,0.32271643157746427
0.07829837089972491,0.5385939069094382,0.41790282770114573,0.18911641699748527
0.08181250698250486,0.6553076402717195,0.3554324798854458,0.233832105915954
0.2533257979100282,0.8425885934368258,0.13653454888056754,0.39777128873789286
0.2550313881166199,0.727530768004477,0.21239730067861778,0.4808185030630155
0.31983495477031465,0.6729886214990572,0.45239040522811946,0.45221058852911195
0.46631113484399517,0.5930024415949805,0.12439685831159542,0.244477588719062
0.02446215836411475,0.7162499517039174,0.38188765277268094,0.4888231617048741
0.3415792927142756,0.6322359209048365,0.46313731987599144,0.3522863318210078
0.2527567609492194,0.7991528283408287,0.4830068584349684,0.09378655623191529
0.15731606378890423,0.7870314866755892,0.39308959982454356,0.41327000356198457
0.4046690594262917,0.6173719326125359,0.22405945143809153,0.1539577307906343
0.39847245848921065,0.7752574136902606,0.189035210549017,0.10646845167041336
0.05104086570798633,0.5061500126365049,0.35534165283846003,0.4782109409092423
0.22767205701548804,0.7402562646810309,0.37192391159819616,0.04900677879878029
0.03688991949672238,0.7148807754572335,0.005034773420039551,0.10113434809662819
0.21528831852968494,0.8782995476738319,0.36658435672325645,0.24018988097226207
0.4334216800861692,0.8369511446014255,0.26356487071725226,0.1701629948454898
0.2758456156635826,0.8924294574214748,0.40207494043186587,0.14398336532009998
0.2507437350483048,0.6656307184899672,0.11463930246974263,0.2703828592383823
0.05268633885418067,0.7033900569147803,0.14157018802868354,0.35739326157389106
0.44899198734987583,0.5953767859670503,0.06999932399863906,0.4647606225520453
0.33068738602515907,0.736154690406868,0.49622627553398674,0.2833544711400144
0.2499735968924448,0.7510271258722268,0.021835507003379828,0.3547820900015899
0.07283611150878011,0.5630392647425456,0.2940591313515657,0.39590105797795566
0.4216900164037275,0.7005368969300716,0.21169926715085552,0.1437621509354336
0.46760426791269677,0.5197556081198693,0.0736914816454528,0.49687420773840685
0.4457900339260335,0.5029736028044317,0.1401883719512244,0.21784504178745867
0.14163959638032692,0.840568832692943,0.09714443369572773,0.3228382977914323
0.4318306439878777,0.6798396789016133,0.33811758502476646,0.35041141323918945
0.4743415208320011,0.7786332030589627,0.1490639953749528,0.3165753517047231
0.35339808360706865,0.6469580563646985,0.2055408925479934,0.03301169997591419
0.18160955416473384,0.6168106160544641,0.11033145778520181,0.011958829000594917
0.27499571397755934,0.7846378769756142,0.47492824108816006,0.3496465314404574
0.398661864468788,0.7377257326780335,0.06113822986339812,0.055455484480548545
0.32649203336772215,0.8502307330828913,0.15400991686932175,0.2944707745058026
0.33310872267014735,0.5995105329861518,0.43528766448766004,0.3474997198125596
0.1279961045907551,0.6072956056894363,0.30590613113708903,0.23794074254267
0.09517542779116106,0.7045429936936092,0.11228641852936483,0.34176402682808915
0.4943623074832977,0.6102847779932671,0.00027920964301492157,0.12644170962549245
0.2206671217478694,0.6674258398443695,0.04793205325319394,0.19175052531163927
0.44866159775223846,0.6368794071429208,0.05901767086919685,0.20521975636839046
0.08954562626601675,0.8847062407509398,0.012801379494962295,0.3790812023397549
0.4398197984189467,0.5296315211320706,0.16397004224427458,0.10292205867423021
0.4608934647529474,0.7675655619713114,0.09741525107470217,0.46911721807170953
0.09576171188220378,0.5290607963821868,0.4620503728096185,0.3131721647913694
0.3504468311367502,0.6594861672527946,0.27982907068573,0.47681421688651576
0.38032220317194587,0.5379397648518285,0.24597818738976673,0.3618010832873195
0.46442660598339675,0.7870360266833853,0.39097210960242207,0.07120770459951842
0.26491335658663206,0.8450715836157687,0.14186769028096496,0.048737457353251856
0.4799030535474875,0.5101956441797124,0.4414501323119938,0.22034611839573753
0.36194129781985135,0.8809976688180843,0.18487206880603307,0.11109427081509338
0.26761110024523743,0.7819388145476364,0.44711320033109797,0.005707076871542094
0.289199241835196,0.5644088940019171,0.01307903276657818,0.15306136566751416
0.16845504352056767,0.5034658354308086,0.029227465526510288,0.4797766658423961
0.1032151010566617,0.6503201165718381,0.3412556834901718,0.27399952494750135
0.37271197935370187,0.5461601122763,0.1482140781896248,0.04522781488819927
0.03280333756920578,0.6239833815386298,0.17239114748465867,0.18514579719429275
0.0446526744917507,0.7276745088995411,0.4518656815752639,0.22030114276956508
0.3780115122666918,0.7632963015126407,0.021560984971612185,0.12604086282406568
0.3953532348579242,0.8823777595206301,0.413059726863324,0.25721358412151696
0.26356425156938695,0.6992321420933244,0.417870077961731,0.30646235920232323
0.2668608292284316,0.8434357135332696,0.22188873969207462,0.0173103558599092
0.37812496088013836,0.5221202467563135,0.39673672631172,0.14188902701073608
0.46371433821457747,0.602533987438193,0.48083263650860153,0.3943230610246427
0.4326722007210033,0.5010930074779663,0.07421874151967167,0.33451831289708
0.46442804753915923,0.7032754559559939,0.3373198760826121,0.45333613693488417
0.29227472981060093,0.8606098123444785,0.3703103773125419,0.06686626212806135
0.335678537661257,0.5043180664101129,0.1798663022316797,0.4627234636265056
0.406434548666785,0.8541368731969511,0.41038944134307753,0.2324103241019298
0.4997104943037917,0.5832033756280035,0.3051707425287385,0.47487409607280223
0.30986049954536793,0.637915819951913,0.16498916084939358,0.43246989283426107
0.45916425793924975,0.7021921200546535,0.2324328340407213,0.45727493784984646
0.23111863552864664,0.8670633907594532,0.18074224941804617,0.35949931084532644
0.051931207653603095,0.6495463882998115,0.4855114845812474,0.48558267873140887
0.21813249272203272,0.6295667241020053,0.36607725124220886,0.053096320815199605
0.048967383792160146,0.8971497992837888,0.008338645728961092,0.4529840267907537
0.25004221292501105,0.8207257952028675,0.49446865704768783,0.24257181971258074
0.04452616876151627,0.5907953572744603,0.11397864262047974,0.37277274202168553
0.23268499986802377,0.5048723329603972,0.2730554279997823,0.388152605186281
0.004593173533850581,0.756522517456981,0.4320290218558105,0.4985534778261605
0.36704568665661047,0.5481403803796072,0.15078806406141138,0.4372015273791624
0.055907849147397826,0.8095528479485424,0.45012879622522334,0.4557174853317423
0.35553140334038646,0.5337127091964087,0.31975225635567756,0.42066411783346547
0.12317985146624844,0.5164477435974485,0.34770827988991304,0.2874238437648325
0.3309710677611608,0.8683134452353263,0.40002478876413283,0.09258952027408546
0.14433676526359546,0.5650050623823875,0.23435508464137528,0.19669628049784477
0.4848977388262301,0.7370070689072244,0.3542722199747575,0.21982011794011985
0.2625404333381866,0.7050059533017219,0.4295287017832198,0.21583536395427727
0.0611071153682346,0.8183077320872236,0.1865694766406662,0.3222594503712504
0.4793644246025016,0.8752497483035633,0.029725699161400887,0.4640607927814923
0.30008008531957797,0.6641028640641253,0.12156053501900072,0.21795519048492096
0.21840244966288863,0.76660271288813,0.31588888343788324,0.02351012663542812
0.4384265388218206,0.6667924885148592,0.2507505593798529,0.08185103870712834
0.12176130944317892,0.8354935524302474,0.12643345432594072,0.11592382061719786
0.48382478424547004,0.7368048859651893,0.29472038386047145,0.42721498540603653
0.34136708230506946,0.8676359443485482,0.09645784872242291,0.21760234335419582
0.1250840504551609,0.8766789489165745,0.4905129065582719,0.2087323283468736
0.4745739542935904,0.5866946434693179,0.09742077706295366,0.09431756545114456
0.11064509155947971,0.535034204316189,0.3955439162274081,0.44479020720097656
0.2943108785295939,0.6448706553073638,0.015590107715270918,0.12573061992604673
0.25220965546333146,0.7731790404086496,0.25193501968047366,0.4560011013366115
0.10261932215354858,0.7381058073833258,0.3507057489824049,0.16202289907320772
0.27482553719259784,0.6288648660825417,0.02178412405404817,0.19834490545938382
0.4513289464036564,0.7047637741740237,0.07889716750723208,0.24047090213786343
0.44283827885471716,0.6156767372667208,0.12476159229701611,0.3245747601868763
0.44888559018091084,0.7355369813017304,0.17706256906211826,0.10564861168141204
0.11292417516463454,0.5121786367065625,0.24716023993786457,0.47779946323763844
0.45985485302880397,0.5508323154083197,0.09570516582999034,0.18472785188228596
0.04922437275363234,0.8205276881786929,0.07362078465981875,0.003498881321660652
0.29996621149902464,0.7605829607995519,0.08235207937679362,0.1298180154474453
0.18986091583608522,0.7373307735503268,0.49034758742122575,0.004666498623264459
0.11410168408038868,0.5941462365584247,0.12160799795984378,0.11351856772084867
0.409491711952572,0.7926366146141371,0.42808861403663034,0.3747036814619413
0.4186155081464847,0.716013097471086,0.31319262152553085,0.36665811716714564
0.13457870053425686,0.7175211196166262,0.06182587303893877,0.10437754326152943
0.4290225264277506,0.5941977111903742,0.09291077535192382,0.23940457987591118
0.09195344184628396,0.5626387070576873,0.014226970337608613,0.49611881077122455
0.2186711556146127,0.591512002714233,0.07452565086603047,0.21646287290365468
0.2804886918125652,0.7087068404103893,0.12607933053621262,0.056833221563821035
0.2524073590630767,0.5406229312221202,0.37174646035152076,0.42654082097362733
0.08644726624724469,0.7043379953846278,0.357912164893052,0.3441503837229239
0.012531605953885194,0.7939001870628171,0.2747420906686313,0.05734021223314795
0.25611752031735385,0.6453246167305621,0.058999468261637766,0.30398249742646183
0.3667578228789984,0.7974025761835768,0.07803987888541081,0.2116101274175486
0.3951774693750951,0.678218834504799,0.199382387184106,0.3189582298704772
0.3537966463613383,0.7972423757342317,0.29192902799000137,0.2792534711918176
0.2386523621496483,0.6649941960931538,0.21231866277772282,0.20150472429312877
0.23113665951267065,0.6196501481473378,0.49580122481227895,0.2582716736545042
0.4761347506808003,0.5549769155491067,0.3117674278944644,0.20163369626689664
0.19294853894188774,0.6429430749343242,0.3338831049760561,0.24175219780037555
0.010556284908870894,0.8170826361754353,0.46672021445047085,0.30614859792433907
0.20474312134770067,0.894057385271424,0.2536015111391334,0.39182567114867306
0.4435353580964969,0.6965974725766121,0.131737080698613,0.036750723511973005
0.20991924668645479,0.6929634941984675,0.4620164521260424,0.11175179647894457
0.16676507917218514,0.7552820376564762,0.30770413738520475,0.0190641907661655
0.44696534891202355,0.5657768011226305,0.260187186598472,0.14544122960139283
0.05966115652972509,0.5674773620172683,0.4893426174892506,0.38957693138922384
0.1970515152192639,0.5116312083032741,0.0804189205951849,0.422709186487526
0.09750599535760607,0.528062673333499,0.0005983217769886529,0.4309423517515939
0.18726251612343864,0.8082157493377126,0.059075388249611394,0.215645620171598
0.38675484669908017,0.7535081094761846,0.19663757257660808,0.2634354505857993
0.1357609833384914,0.8377560551760426,0.22461319797131135,0.26961779971531663
0.08666069115446307,0.8958562447859483,0.1754317987036168,0.01913543815028107
0.12030653993936269,0.8594997683755508,0.4020618902401536,0.455416572900416
0.23607230950073094,0.5220689843378562,0.30393034457357354,0.29454341379624616
0.24688919403563664,0.7028461380934852,0.4682965997506523,0.36595388635726733
0.12461666081441641,0.8580587412923002,0.4246791462798458,0.4865827595490074
0.18592725728605736,0.5992511127895871,0.05554553861300604,0.2266561159938555
0.4996804882411861,0.5832734142937411,0.3796286316906531,0.04664999797219266
0.313696423899123,0.5841518669655172,0.07682911041754648,0.018043025037352167
0.3548029483370969,0.5568435727204277,0.25390186939432113,0.17243467455415462
0.2934062351565497,0.5148774182210063,0.30247155082208493,0.46253737252593635
0.02818747127247695,0.8260969049666018,0.008938384662991739,0.027700521206682094
0.32251084672153996,0.5815886427645132,0.12121634022925593,0.04626744802039484
0.4844092645126229,0.8412398860012882,0.405795330260173,0.43840671346266435
0.3829063211092907,0.5823985350567388,0.3544451301026392,0.1812689887540987
0.29368467308083707,0.6785941406827428,0.05141857769713609,0.4672623345167091
0.36343132135516554,0.8867268324805605,0.45264789225210444,0.11943319492662358
0.2613065119604704,0.7709270574175514,0.41029611227314766,0.18885491851675618
0.2039731616766448,0.527828736555192,0.27391487640118667,0.046856652992780135
0.1409257834376984,0.555814721278116,0.08658154725314993,0.39491258090283915
0.4880846645922174,0.6344835840016226,0.43375007726820547,0.22106789317649372
0.056507954593305154,0.6532108406087577,0.31055665978981756,0.08084542700117908
0.0851843760311789,0.8194719262048984,0.3153047654356442,0.08142574958978477
0.16524327647800324,0.5854899065116876,0.4446154727719326,0.12589615746861227
0.3477494300484432,0.761193570924074,0.16031332389622782,0.1298340296085232
0.19277775085945414,0.8220694190484834,0.35130128076850503,0.4227028380091044
0.3487652720602315,0.6744632245236177,0.3256682534874238,0.2539694369608228
0.24744849749060355,0.6169112368628441,0.04945643587327009,0.12030928260793294
0.08401181540401581,0.7950896046117555,0.4161902259350039,0.08668001551073717
0.21882280577630947,0.7619546634794598,0.009417515670820442,0.13840384795136457
0.3030730557400538,0.7805188151017206,0.4872392116205198,0.06368849524283782
0.0733162630143096,0.61315848857761,0.15782520479438517,0.314196421712458
0.44031648625381203,0.6414111255298749,0.281105983038995,0.1149853703186719
0.4688843131939345,0.6962338139339352,0.37657994789610155,0.02153460033220783
0.07505884073142821,0.6984106940916144,0.26193939374834013,0.42252109135134525
0.19282444183447706,0.6382641730424762,0.11461004606549235,0.22010068234105856
0.3636101492254068,0.708607234749095,0.49511794657643987,0.18846931751984342
0.4495285291577904,0.8820613083270599,0.2074537828471305,0.0031520599628463986
0.06243148729125114,0.5468704683609413,0.2664779854128718,0.32676183693891864
0.24119049695273598,0.5101605985572749,0.14993059063234926,0.05378276201657034
0.38361440417459175,0.8542460159509839,0.3825434579185949,0.11428414087011618
0.07147507369077544,0.5842848381652389,0.3472724724974965,0.4790168844578683
0.16681899728924865,0.5545296605934429,0.43566953020376653,0.07177950912455733
0.45058058963215725,0.6950460178751442,0.2780528410884316,0.30520303823895684
0.05941388968058453,0.5196814108054046,0.13277418829277426,0.2259130279323444
0.05176559072820702,0.5309037874735469,0.4827411929440849,0.10251677437748913
0.4335434335259326,0.718016381793639,0.2682583601792501,0.2436646083156357
0.2601434311194458,0.7199848926249997,0.416346282731299,0.11740329786483744
0.19204498769773176,0.8309265765629725,0.00883221104568871,0.07653519877558279
0.42919306686513664,0.7267080449657805,0.17744915464148298,0.14104623325354587
0.031245575442419182,0.6435134199507053,0.2768778578267972,0.35768801646354803
0.1648993428076218,0.676963120565273,0.39432616940931475,0.10663047154548705
0.31824816689350555,0.8658972854684969,0.22840031375572878,0.19303830095006907
0.0003145304863211851,0.501541484157595,0.36596314177367056,0.4124084649739944
0.35783921688413095,0.8716097241469352,0.4662367605633367,0.49663597500206813
0.3230206941464058,0.7337020078420546,0.2672506436327914,0.3732471184379407
0.11927353305199367,0.7508012573239102,0.4667153309782929,0.45752005084302966
0.4389241030498105,0.7775520232879005,0.17705536899461094,0.4632942856086751
0.44972543894029315,0.7933703961952816,0.35638231566302203,0.23463785368530493
0.37498154961681823,0.8260111993639389,0.407358255054269,0.45295943380978854
0.3962056051077115,0.7314700730532823,0.3353204302466904,0.1388702107426968
0.23418860093961735,0.8888426166762408,0.23359255584800903,0.305102040277161
0.3435050390792605,0.660125718257263,0.14828250610840266,0.46739879751906466
0.25363897444997874,0.7344761219979725,0.07229996527629923,0.07077083884554702
0.24738777666628609,0.7280326002176541,0.01343251009945201,0.0812898187109306
0.1777946476101709,0.574817286210484,0.048533485416791367,0.09616745125437293
0.36042572452222565,0.8597798913681356,0.44713466054696543,0.2237233275286047
0.3997878131677863,0.7475241658547152,0.11762854057933786,0.12545753146709226
0.2808046869673023,0.6569894313022281,0.04696420483094754,0.48852620103884054
0.0998613035431522,0.8384527619411661,0.4540049587918787,0.43586392753056424
0.026397716412688732,0.8553049668769506,0.030995218526020774,0.058767992689791604
0.32513343202821976,0.6434255157717106,0.4499533077157766,0.43901638570893353
0.2826522282096934,0.6236475648093767,0.11343717705871814,0.2427090580616516
0.004719124183362067,0.7839904583983832,0.221488296726503,0.3856795564559676
0.7556023962038122,0.020771668282835387,0.5474212144604015,0.8512684305305467
0.8747613357720814,0.02094649668693216,0.8198428210171074,0.8126332951022455
0.5916326907292941,0.23048618837316648,0.8000877651290127,0.43275241264502656
0.5277418717751792,0.277187029367638,0.8867906132140346,0.5835547322526915
0.5068859021900002,0.004425433506486965,0.5597264532659758,0.5767810392071269
0.8770679878705009,0.0945128378684561,0.7964375647677193,0.4241878765329799
0.612609342379125,0.06078907740165884,0.8921204238372027,0.5575103432075157
0.7653442142756721,0.307316801296071,0.6689134477774477,0.4914063896160527
0.7071584477662015,0.28081075078394124,0.6351181832526918,0.49060243314282487
0.8399515607531198,0.23171203526637638,0.7396180219108561,0.746650648548215
0.7017935521792336,0.08935236470796881,0.7972055254243036,0.5829069096477268
0.6530259181379794,0.20272574588088085,0.5614484560492602,0.5389741704131341
0.40009442376621207,0.12732938666540733,0.6346939321883776,0.5449947884283519
0.49358942937593553,0.055203839787178355,0.8782500377836036,0.8520994976647985
0.6982620579535652,0.3901896161573695,0.41533571751346565,0.4641724602137062
0.5974997130592392,0.1268321365445467,0.4258991117122693,0.4800828941634254
0.7224473985336599,0.3772050385446357,0.7498223696208511,0.7171924178420777
0.797169351477374,0.23859433016479745,0.44131307052467217,0.4757714957086079
0.6209932107363745,0.2762838814008762,0.5286113505935139,0.8665728481390859
0.7775049466355193,0.16132615372902676,0.7510969168929834,0.7204424338223835
0.6215042843957251,0.1029315400176396,0.724846219589822,0.587063701975828
0.7497130118987871,0.3110610726069116,0.5754888838171022,0.8457460225658253
0.4209437223265164,0.15678140755178716,0.723058511119101,0.7952126728313373
0.7592639586998707,0.17810970663262574,0.6146149737636448,0.440744509854213
0.7921502917446306,0.0847359563024353,0.4082847945817271,0.4651068984843992
0.734536475050279,0.19978841256956448,0.5253227077458141,0.5264840063396206
0.613355080899201,0.1494336327538421,0.6548577522954538,0.5054863682669364
0.665275893834832,0.34641802583020076,0.6052367787037953,0.6371672643573278
0.5872463533701998,0.1998385940006896,0.5720421337043377,0.5386979570055399
0.5087139543666026,0.0799470050640502,0.7559322629125613,0.41370771138803225
0.6284328280319145,0.06572914966101893,0.8585742586400682,0.45310818507782524
0.7535177886526153,0.12096477190497588,0.4719674177174339,0.5975747491331642
0.5324649179797911,0.3507037343964713,0.48705925031725816,0.4840411429453141
0.7561704417630757,0.3127986602621905,0.52784127609253,0.570503339095902
0.8750625011516955,0.21667902264210143,0.4630930053726692,0.4227613410275101
0.5029958378619839,0.0810005072115617,0.7883884756751242,0.8863485177744482
0.7610106322702939,0.14112499274036147,0.45158899206676517,0.5259099393027902
0.6198028893745838,0.2592874602123946,0.6123017633930602,0.7656580262520868
0.8277087810941757,0.3520057648309251,0.6250615261328374,0.8308469187964334
0.7942190280495651,0.04193443904688543,0.7353267987806908,0.4939180447164244
0.435507194135819,0.2610353736059999,0.4007640702277438,0.6806541416075074
0.8981822074212249,0.06128161630121279,0.5903860105511155,0.7247213708587821
0.43204104789347864,0.07587687943679433,0.7701359519100298,0.875036773342956
0.70233591986946,0.22448574116241482,0.8189049421336553,0.6316795886767999
0.6882848895581235,0.3118349284258184,0.4208879854170529,0.7537666947932764
0.8540400953403304,0.008894168230701372,0.5621694131803594,0.8089478636265506
0.5897885789804704,0.39333780550479935,0.8595913756433766,0.45340452929559943
0.770602962424321,0.030970255816544556,0.7407379479325217,0.6633304423881293
0.6831137769157967,0.3061230106261489,0.7609622535852565,0.635019144620437
0.7353239502607705,0.18768626619715,0.6541442753142049,0.753585960694948
0.5607775528812207,0.09136303271676001,0.48193918165373684,0.7349840922294446
0.7782459746160515,0.0031892503863729885,0.40872262773545437,0.7191402657802153
0.461158905641555,0.20724217923353933,0.6347661589987275,0.4908753807856368
0.500383430149197,0.2187889288154915,0.5159736500230837,0.45653750679901023
0.6979467777735355,0.2044379925861949,0.44282216705912064,0.44097201003454983
0.5757870154267242,0.34005536673047576,0.8201307276089628,0.8715807011833858
0.6060871178204386,0.17303684831390373,0.5276579349387072,0.4270310137227537
0.45397268619345377,0.2538717877165123,0.4209948609989619,0.6599409537850558
0.7918220312001734,0.02016485531862502,0.5518614661234027,0.6631960111744137
0.7962691715095606,0.004353368864766694,0.4824751025573734,0.6136296490682662
0.4912546874027811,0.3978633092070755,0.5698315375164789,0.6332796933065167
0.5456712104397659,0.0015882964846308135,0.6295878179090146,0.5379475700310423
0.8762401531868779,0.16045270436274106,0.5718109591056912,0.42474535865602897
0.5590956302456283,0.04700233528822922,0.7286488819617225,0.6503900519388597
0.564384094471104,0.3652938253996947,0.6193549745308653,0.7719234959035413
0.8489087268009126,0.004184869576084172,0.4821454660261335,0.7000675381070597
0.5983937717052279,0.3497372368910264,0.653656073439933,0.7134241837684553
0.6670507008862884,0.17552482258319133,0.41126901205782673,0.7827513105806005
0.6571754804503436,0.17207256282905706,0.700056327333235,0.6042424785593355
0.7577223242087441,0.030871361892604733,0.7272322190047359,0.4160325851293205
0.6584042871686255,0.3210364993240628,0.8567204392139198,0.7633230021152662
0.6138131430621823,0.34410208706897816,0.4006740813205428,0.5127404347952658
0.7326760745914014,0.22215640611917287,0.7100320454692295,0.49896138736684903
0.5554743472811143,0.20508532365641302,0.8735660982299587,0.8100661542668268
0.7470058198283795,0.3302117339837512,0.5727558331878737,0.7209463356254282
0.7351764993245813,0.019218115555215576,0.5057141505760416,0.6810944795633194
0.4920625966110562,0.004280531816326727,0.7470254980697109,0.6480459266958254
0.8635321373786958,0.2357148114837353,0.78202508559916,0.5143522233430979
0.7259156497676775,0.3216099788208171,0.6987448295109786,0.6480556394137178
0.5675562737402584,0.15732979070449288,0.5730280675415371,0.45053077777558365
0.8784054853543567,0.2760785233085092,0.8752082763901152,0.7913974746841457
0.7363736675515877,0.2524598691092077,0.7102083987178371,0.5196292144719932
0.7979983628633265,0.32549284173111875,0.6739949544262673,0.6957546350789083
0.5205286472435606,0.3179605847935432,0.6810595490687161,0.6679202094309815
0.8253489310397419,0.05749931324590989,0.7300721172224468,0.5852779371932846
0.5495237943321613,0.2746698042181805,0.6213650597086762,0.728212049490025
0.5634005346585234,0.1305034510528412,0.46802473159744323,0.4395296522563415
0.43620567002445726,0.21629629914050105,0.7351664161665081,0.8746064327370326
0.7545515974763994,0.04768203848084434,0.4359364239133064,0.736337191141128
0.5520811469587781,0.062489093083156935,0.5457136948700736,0.7881539516153451
0.502373073283886,0.27421865955858354,0.504265978500072,0.7262422192824953
0.4906201379868664,0.22469585384019897,0.87527597837734,0.6551147983829899
0.43910597793479755,0.22187622361893175,0.552699915624463,0.4274894818841607
0.5340640483925496,0.2197377293449561,0.42689263790669524,0.8440266718213789
0.8726214306320951,0.061574995784382885,0.4938696211883129,0.5650208733629261
0.4819671003828861,0.3863538816622584,0.48463158074399165,0.7387339424232453
0.716135665756496,0.10674384502534964,0.4330088082671043,0.759204250682757
0.5075891889230948,0.2374569619628035,0.8171550763195311,0.5590888238819618
0.8955604191022615,0.3307287500504089,0.6255361448213811,0.5465070629703843
0.4038953355415371,0.35471479215148843,0.6037833659753715,0.4587066338228495
0.8944055945460003,0.3857014544427232,0.6362935726774506,0.5384010121858328
0.7251158514790048,0.012258728955648435,0.6856322491873292,0.5088593092392482
0.5918573653253556,0.13623078048830758,0.7369766033283057,0.41303709510707537
0.6179506463178668,0.3646261495685358,0.766485050391403,0.46434362117450423
0.4458273399880532,0.0258772041831834,0.8947767417758138,0.4428504873370837
0.7232014736991041,0.35612794864506836,0.8745376126226484,0.8333979131707825
0.6150576431067493,0.324580616606981,0.62700046026104,0.6584859518056989
0.7208741522839266,0.3639289116313309,0.8296649885744094,0.6092168677783965
0.4540979190447427,0.2373129613231301,0.6760771042890179,0.8893639683129629
0.5475483675346431,0.0723136915415425,0.6267820266803006,0.7436229562859513
0.8119036489984406,0.23621215609867005,0.7402031828049398,0.4960969400123896
0.6573155809663385,0.1791889855864752,0.7118755858164809,0.5527292282894849
0.8361019226853765,0.0974401401153759,0.8257987300597507,0.882982655094775
0.5814067058845447,0.39342667565394934,0.8119647256731317,0.45057136879418097
0.7147001092571762,0.24227948170699523,0.6665556149439936,0.7150821785418764
0.8433487947164688,0.2838647553542313,0.6920094824034859,0.4461813508848934
0.7054561965750215,0.24617231107123982,0.6843360866993631,0.44201033865053163
0.4401990222309535,0.2338506431182844,0.6811216815341954,0.5961273586764078
0.6230269802936118,0.3082548304535735,0.7872866359550922,0.7154114665518776
0.7901512363601373,0.08609009582327767,0.4276837576786956,0.7407398193652588
0.8026926483647191,0.0015785635799069554,0.4084528500310456,0.6232345834736074
0.6024771277280035,0.3244533128887601,0.5665563126959796,0.6126378623321798
0.8980842325790788,0.08594955751333888,0.6944036655312901,0.8547707025192646
0.7366171837309852,0.26753827816557024,0.8144158250196571,0.7549788796703905
0.5128111961286063,0.26172997994621916,0.481744678185156,0.8018652594237059
0.4893769580455657,0.06541394997115679,0.8169994923400599,0.6683277500162708
0.8721877945891422,0.3639233140285717,0.8420182306848911,0.4278036623801415
0.5835594558197413,0.011267446982741137,0.8424870154853226,0.4695696704402298
0.414350346794172,0.14291608357806806,0.4633161055903262,0.5705525731807011
0.6618966008749134,0.14950084135303296,0.6284857235520072,0.7980816481048778
0.4826824352522801,0.3935552819029062,0.857191156611177,0.8533942510292156
0.8421821034515511,0.030582960871646317,0.6978462720757668,0.6261591554700738
0.7636678167591706,0.3246826360613374,0.7407258349823802,0.736762997844232
0.7382056140248308,0.27179343049982196,0.8963182581054089,0.5227077574024015
0.5059243111049166,0.3681201114109909,0.42122377200760036,0.8373857207301472
0.4061468190597803,0.22416837483276075,0.8030670371715134,0.6756123200074008
0.5795166451999596,0.2533713989108537,0.6837106451066624,0.6150013917477839
0.6885268894939667,0.011143257721994183,0.5850240125484432,0.4570121959735975
0.42059019638213313,0.33311332549482203,0.8788582198758566,0.4963603231479075
0.5024739791256133,0.171731576688543,0.426955001966262,0.6824636305526759
0.8735166558585774,0.18798794810489639,0.7253032144065263,0.5748620256712594
0.8773376292171191,0.22269978964333814,0.883972118677806,0.4576361365982959
0.8473405622147082,0.3251684632121981,0.5573159091188558,0.4609374090262428
0.4608224803337509,0.24057202879693498,0.648460241453011,0.4833898970794897
0.5017465865637194,0.35285262449294647,0.6406764652394664,0.7841910982965161
0.42176638776432407,0.3666938294530888,0.45385571342418307,0.8479030850751097
0.7028273174917956,0.23618893363459872,0.5047960874361248,0.7961710495226295
0.8214926595165611,0.06460082406453282,0.7529980685235582,0.42360853622828604
0.40563297910046875,0.276102899741563,0.6561379047173856,0.5706903317856633
0.8776946046218268,0.19026184825770429,0.5837104091837773,0.49874262214559645
0.5190408177941703,0.19352207798260826,0.7933280929042337,0.7193557310797399
0.6892963247208281,0.20717188598859498,0.7932680308743656,0.6518994405166731
0.44314226509160143,0.09539125539510818,0.7681837135379184,0.8780410992657622
0.5497517111367872,0.07787612656333148,0.8777519836912866,0.8767127688633917
0.7315021068294677,0.16809772321656677,0.5525953461473918,0.8394032689196077
0.5577340240471798,0.16659055990681054,0.8956227581453141,0.6615460568986851
0.42370709892073416,0.0747356627242052,0.4785307647748123,0.6394914492135273
0.4876696826578704,0.07378099582097386,0.4112361926551435,0.5903411679328385
0.599060142211097,0.28658809404348506,0.5807821057093205,0.4555280303210179
0.6615797335991213,0.2816925514640529,0.43330691267681376,0.717910658897785
0.8041189792289929,0.1613798950137591,0.4471589640389694,0.5149081305572942
0.6795568482503275,0.38504796357977894,0.7659770713167016,0.8817646496904006
0.4297414514285357,0.13395485254559023,0.6051754534875576,0.8607794188511255
0.7259243042703459,0.17724144130643515,0.5887028594606343,0.6202929960492427
0.8814463749347609,0.21732127161642875,0.646830470413369,0.806616242304991
0.49121596931007977,0.3851592482325692,0.46560608918095997,0.42799241967871177
0.551517034767386,0.13793474888337287,0.8065923750942546,0.7315340505051064
0.6328118236456748,0.1319016661369164,0.6021623199168227,0.5666930238279592
0.7476874120404198,0.058673374065363375,0.4574365649249358,0.5992208046034163
0.5362582609830052,0.18626338552786434,0.5418315988817662,0.6417388391439753
0.8943481505384859,0.19525992251919974,0.8978884604834896,0.8177312173145951
0.83267538555739,0.29115457583005466,0.5403813791013219,0.6150578902318025
0.8088888575797633,0.008902051417274981,0.6055561984757146,0.8021177353535132
0.8375660742162985,0.022728132530290025,0.5370390748550646,0.7529316309128746
0.7264489324840766,0.11208931820857093,0.48714932304244124,0.8876149859411155
0.759684438723266,0.14615018868283047,0.7640631734473528,0.7026471470248998
0.5151825855011928,0.14360056905221139,0.8851468635874331,0.7672771724895082
0.4065382335731352,0.3854410838071935,0.4941440675867866,0.5371879047774488
0.6389150167392775,0.39788663667731844,0.4655800067839745,0.5195617030246358
0.4321560717465692,0.3994940474029571,0.7585330589042526,0.8745254967419714
0.4828440625765781,0.18898770210584293,0.7811376658649731,0.6053507372034234
0.5888978266623619,0.3915013796841741,0.6732593491801968,0.8857237426485512
0.4199766168753904,0.32952884017999223,0.6137599879603675,0.4144228892839165
0.8235753687366731,0.061101249257004935,0.6958665970137516,0.8478114449316944
0.4196529620425896,0.35492606977414876,0.8427548467645153,0.7156360445645609
0.757336406844612,0.06405981816634965,0.5849102731769975,0.7914798484603403
0.4506615062287766,0.011798794627655297,0.6954784245462571,0.6032282485913485
0.7568911955030233,0.3697107652630216,0.7681999354822056,0.6654174056594307
0.8736592756808519,0.3854818718735973,0.7104596906324265,0.4074348686530665
0.665252827354303,0.2895987857281747,0.8776232863094362,0.760380075315362
0.7957187467021931,0.13724347980372417,0.8235723957873894,0.48893550710210376
0.528786724550447,0.017468745223108196,0.8838505303074309,0.6513008283874583
0.6454976101298997,0.14497070525006808,0.6897097927754042,0.7417894141007084
0.5243440241310784,0.3697679216616263,0.8276848313472136,0.4023025178186906
0.5936856147848271,0.13595041727334675,0.8490063872573722,0.4618917408090335
0.5376058928497577,0.3247481419800307,0.8015760111874158,0.8268190849984337
0.5938053146661275,0.28110612086850056,0.883754386454632,0.6758362941138492
0.47728719604637326,0.15848648833971032,0.5833344606689648,0.6560987039045367
0.7528500129560427,0.1521684034268431,0.5016717531155247,0.8052880824948028
0.5929061919685328,0.05583073106974479,0.7060213697724158,0.7318332669750972
0.8829296786840528,0.23842047259403168,0.7523494785332197,0.6306997427214858
0.5364493836130022,0.08111404900318192,0.7310775202170439,0.4100517052838951
0.46492748713898496,0.2714510913280485,0.7402129118460936,0.7387311132320872
0.6019288964136884,0.2780615598288609,0.5856626472803157,0.67240647929937
0.5693258729687118,0.3113694042001418,0.7676409320086162,0.43145104415507735
0.6020330868476342,0.12744182298027992,0.6455675275182946,0.8359656673734954
0.6261710846671966,0.366956921737161,0.6864286406984217,0.8878994515242051
0.6939009418783226,0.07235584714887536,0.6081238586421349,0.750127073618894
0.737591646230931,0.36414787612318084,0.6917673562661915,0.7389817883085376
0.5261623053379594,0.09762947381280895,0.5868833565941891,0.8605245130607151
0.6760510599983196,0.36591683926084534,0.6101574430483807,0.8205598498640232
0.8296771686452661,0.31416741029068557,0.886297200155556,0.5432150065754477
0.8302226842942564,0.07920328336752824,0.8034717891945174,0.4885660669419928
0.4338834317533911,0.2772032215597755,0.4036844578270075,0.6161300207150346
0.5821297286755618,0.3162940045849122,0.6846090174885318,0.4380339009764571
0.7972114870143244,0.3476178556325266,0.7797863555675464,0.8250799916789217
0.8717480259232675,0.3644743232085197,0.8925704566201134,0.837397408295733
0.5998666577046066,0.05925871916159467,0.7190449773286705,0.4290355990633081
0.8176116482877551,0.15535165576855936,0.845975282692933,0.878426764695988
0.6979607951210667,0.31009661928548665,0.8988115302434665,0.5832758983401976
0.5299323302337302,0.133047012039671,0.8787410297651391,0.5866279867418303
0.774927449649436,0.06278499441480725,0.46686833623841933,0.47498000019292363
0.6184902582910581,0.21945113040092876,0.47185079184986845,0.5407663273443097
0.7379375985082968,0.052245720313247326,0.8589273135790219,0.692399921087156
0.5940930142326266,0.16472351088881873,0.4439966646451157,0.5474542303390939
0.6685625861212072,0.385059486655427,0.617235501766187,0.7324260357111452
0.6061544816763309,0.18334346657842962,0.4957623191960518,0.642638469710952
0.6312215850183427,0.22363404577498064,0.654999534616032,0.8023683755208245
0.7733211736752347,0.31521210381924536,0.8124600834311172,0.8742986297242813
0.7243394932996482,0.21170046347711882,0.874714538963044,0.6575497386349359
0.4251844985731734,0.07902245941545756,0.6752667919902913,0.8713010395106873
0.7385925367410561,0.3097049408036671,0.5769209617920918,0.544124434804886
0.6453528219928235,0.22738264333670044,0.4643815435037665,0.5057794619289955
0.43156368624978275,0.17548507551031342,0.8797408340935701,0.87068216054573
0.5029600269191141,0.28265017981572543,0.4722903457483139,0.8910329101469803
0.5315516823933599,0.35115951052832634,0.758468575769712,0.5799465271463202
0.6400840077965467,0.2104012701653026,0.42047384283633354,0.6274860246634807
0.8295013241338798,0.15805470424753923,0.5122773966694827,0.7229479870201754
0.7738418410433248,0.21479302852574153,0.4247577454477331,0.6629410773510086
0.7931388143364152,0.0680013716512919,0.7091261458114837,0.8351901567705371
0.7906254935443968,0.04285421542563546,0.4675496855713956,0.8993371722875969
0.8360515114458341,0.04443203620535763,0.8251701483660545,0.80647029202696
0.8950340246695061,0.2518182697571001,0.7092652339285896,0.8693812762628318
0.7507486171230657,0.15283103839927348,0.785143621205366,0.8276712479266144
0.7669457985525674,0.34013428490180275,0.48533019603399835,0.595651551562066
0.8496642556116367,0.09137321075539223,0.5815558557207856,0.44766491067342085
0.410281526287118,0.018911489295155317,0.6388478717476105,0.8302655898349441
0.6630409415557905,0.027295483905870912,0.4135322259434759,0.49748652581065955
0.7006298372511192,0.0913567199358814,0.6177769460393604,0.4227171777202508
0.42549192959403215,0.3530075562260371,0.45835979346498706,0.41561497634807876
0.8334845604518891,0.33610067514224573,0.785167294433172,0.5892420986949933
0.8338592998264124,0.23118223296143636,0.6609505197615181,0.6143200936524549
0.6487780826245619,0.010820144956726053,0.7889979519395796,0.7044810189559769
0.773195514311658,0.06497593234253599,0.7858255526445568,0.482855070321357
0.8329852712020371,0.10641629655085821,0.844105283959098,0.8598030997480386
0.5033540118505955,0.0502057802227772,0.591720507626603,0.4266857864176224
0.7122375079473569,0.29672788553979534,0.860669907699456,0.6771268499731402
0.6164585576694959,0.16298630815742765,0.8015027307748934,0.8300705423342709
0.8417052313252885,0.3930424933408204,0.49761841963077724,0.8997468841981653
0.5047108719397261,0.161090404732256,0.5248479021958824,0.8074280520359962
0.47914008110654566,0.35790274887616164,0.47936378695251164,0.8102463417380013
0.7752994368853274,0.1573295618625719,0.6612420071241873,0.6718871334988071
0.46239465324269957,0.39902283102848046,0.4095603219307095,0.814464251381239
0.5824889582176649,0.2741036985926372,0.5103493288174032,0.4876257405646331
0.5320055438224635,0.3027762035604163,0.8311405360171084,0.5792671554749922
0.5039283677612045,0.29674169688792545,0.5419631579826065,0.42068638755658544
0.8657267594259612,0.01035781855221969,0.874016104791443,0.42235846064087595
0.7282038095394467,0.022043746669998445,0.776126092589862,0.5544069457690598
0.6059210296778101,0.36743455020150567,0.8281671610869937,0.7584506699650555
0.53189707454517,0.18696374339935673,0.5811623631870662,0.5779519010963234
0.824318961226403,0.31067869261315717,0.46522801320324403,0.6404650423026854
0.7086971240104006,0.2622605571241399,0.820551893618831,0.8720099022163418
0.5015799374536101,0.32282326517295823,0.5971490357494673,0.777217098625745
0.6172403762143752,0.09280787985866384,0.7289844291742992,0.5704163079271714
0.4472914221830303,0.22152974906668543,0.777212427359252,0.44027180788496073
0.4422668705584855,0.2866183744374541,0.84498370935587,0.6252452906839554
0.7665421555411401,0.165197781991272,0.7750970050743686,0.5858155072808278
0.8643423461912583,0.29084284682632583,0.6793969426995542,0.7519913394740847
0.5752997050714411,0.25453538490901517,0.6035103810956733,0.6696209924030707
0.6006685553478732,0.23600936843485926,0.5002709143797244,0.4384381430011978
0.5008416365262622,0.21867447496912693,0.5985718959660355,0.7658995310952528
0.49652579642716455,0.12893206833231186,0.4026357489687078,0.4935841925216958
0.7700714617657827,0.3835608074617478,0.8097853331906428,0.4884386947587245
0.41697500050635766,0.2574635595692203,0.4575844056532298,0.8715492605022663
0.5820869224683924,0.32015874981729175,0.5829094938995725,0.5188070572655221
0.7388669951531311,0.21523683912439762,0.7259066575214699,0.5048886947228872
0.8693113405825124,0.17630116148948322,0.884116119589472,0.4572622300941484
0.6562293305228195,0.2690807401801694,0.6454671484279085,0.41875167865146923
0.5825313926954763,0.2164238751559625,0.4119021426889,0.7495399066630679
0.8030492631600971,0.16111599468549956,0.8986452855899203,0.8755664401917274
0.5379497471795143,0.07215342738269141,0.4123632842661644,0.5999932235500253
0.5177698274269255,0.3238139641349524,0.7733746201146126,0.7532356286871186
0.8003492802018501,0.3560663882983766,0.7855878440922948,0.80512394801342
0.8329025754292247,0.09031695831274261,0.45044054949725354,0.5857193800123188
0.8710162681794964,0.19691622849644072,0.7698825882859568,0.6630821304703189
0.8106579550757353,0.2748400733104978,0.4099786323416605,0.8708778924073077
0.4039474184108985,0.32517502293938966,0.5658418085124508,0.610425245783071
0.7252245762381087,0.2175874261529781,0.4225911328800026,0.8505024689559295
0.6213499684052628,0.3152501567551098,0.40606586270490513,0.7153551699051814
0.7348332804054536,0.028606672540865977,0.5716767721189719,0.6176157366653858
0.4795420656467227,0.09623100166469434,0.4524140996705699,0.4132250040855985
0.7607952723726118,0.1871492637494388,0.6272154776614454,0.6305302724415119
0.5791796721681979,0.05056983903072929,0.736504179152635,0.7312505751705604
0.7713326373728037,0.2805208552291528,0.5063255661960204,0.7664150245584795
0.6169863580647674,0.03594147740468778,0.5549899433171696,0.5293827502717228
0.6886660714613234,0.14703822222583787,0.6310404259888462,0.5198318767877221
0.431187349181395,0.2156585038388614,0.7123580581295659,0.7167073983460369
0.4999560640938275,0.2862643060978641,0.8870997581185509,0.8708176197795807
0.8156600799165334,0.3504164254914448,0.6378708620208519,0.7067420409452708
0.8823833110858034,0.012741739246946571,0.7946118617991056,0.4728638457548125
0.6556941894338508,0.26187715105267023,0.41444423890212856,0.7475318542305567
0.6276309500298024,0.2044088387327405,0.8445029922704568,0.6431113031336388
0.447039944478438,0.121493837983158,0.5459521761978645,0.49173643197789735
0.7812609570202524,0.07949261595614168,0.8556194331704065,0.5701352312066301
0.5242430206224142,0.31785839118446,0.5250387392919013,0.7198994013489319
0.7027091894146633,0.15101320094126114,0.5680324417282341,0.7235533527087115
0.46835185772547727,0.12297751664627539,0.8014025592970021,0.6846044251290695
0.7810892750333067,0.2562380249294857,0.4646981460834829,0.6656432165386481
0.42569529231462494,0.28412139614555715,0.7482717835109275,0.5954652217503608
0.6160403095202088,0.2688887112952582,0.5754929107355052,0.8012211205706197
0.7820881948253933,0.06888360096280942,0.5397192139535317,0.8848668770772143
0.43372084286467927,0.005630577639847712,0.4295942660376079,0.7427209877988916
0.862092954294518,0.21466396298514195,0.8697201580503241,0.8045807956901467
0.5415894352401601,0.3801146839570852,0.5252987569546514,0.8781742401973721
0.8299579001608726,0.30733394612364695,0.5895103519181157,0.701395976486767
0.6772835532460579,0.33176600985038973,0.8189622791605038,0.5665876998703782
0.4783448514533746,0.10694303675747796,0.8270652344432832,0.8505688118528603
0.6357194380075437,0.16333489507982893,0.8862491838618669,0.5433084510019199
0.658340427584018,0.32877957082839826,0.8266101413323687,0.8252708623593477
0.8891690530224925,0.17412834905598623,0.685754681334275,0.5469553842387955
0.4065654413875734,0.17317796634115024,0.6813022059394347,0.7128014782039676
0.8041494307333934,0.046347115985390853,0.5763373347284093,0.6526085556030843
0.6720897616683713,0.09821748581958373,0.5503068263927805,0.4227162092530536
0.5235723870317988,0.13366904052303413,0.7651253984008928,0.4790145889718689
0.674082186209084,0.26937201610398875,0.4849354522674575,0.7859306811083104
0.7725206954372751,0.007292065411079385,0.8777660996340739,0.7017850310787187
0.5386893177770647,0.26758338820629296,0.7083158682116786,0.5329924538186499
0.7925353113219704,0.19765059922577574,0.7921045858752713,0.6495178317043346
0.8137271191012772,0.19821373917687224,0.4362943073800127,0.6115501200900969
0.6375734023902679,0.17036989360929838,0.7073428169828342,0.7270935049198717
0.8852041793952057,0.15237750858520238,0.7525274519988969,0.8049297885617885
0.4365386941592965,0.145371324575297,0.8183505345772106,0.7614757782188345
0.5999462959024425,0.13049992017862663,0.5980318121449886,0.45350113411984666
0.8464358179819585,0.03591251793006456,0.8602063110297953,0.6473723394691555
0.47510538917809764,0.19322794124511522,0.5612482571326791,0.47633387136189437
0.6078358595053166,0.20870381857057207,0.44669561026110305,0.7607590337160023
0.4287963090435886,0.37066011456120496,0.6508087390230333,0.5185010738529983
0.7759196037520326,0.023849371493040207,0.5148945556289163,0.6419412633108819
0.7657556330151247,0.21273764662872308,0.5025108306420998,0.7456054682635715
0.8749653161090603,0.2269365850148553,0.5973330622011237,0.6216349350475627
0.4170624781703888,0.3410204316481493,0.48739006490791353,0.5882133257259574
0.656461808622685,0.1377693145428734,0.619804722578338,0.530278259998118
0.8473604408051771,0.3453717158638747,0.5432120058003214,0.6596103105593046
0.5813928912868984,0.11571597212623713,0.4201995495511461,0.8449014615683141
0.8030179811036264,0.3218015675684507,0.5867524460070266,0.6926847638920206
0.4654197221119625,0.39754507863807614,0.8400349415167927,0.7399963042953401
0.8000499675344577,0.2612933755974695,0.7676681193876191,0.6861167871005196
0.7784086009900426,0.3572622105604187,0.7490422929633156,0.7232619133805027
0.8080276029581963,0.33554065489868834,0.730877241145734,0.6624404511614064
0.7632267926629903,0.11554082457411866,0.8035272427280371,0.8934224302854032
0.609384985912407,0.3152161933846678,0.6725209148362727,0.5991313993189493
0.7726701688936619,0.13989557155332566,0.47399507264559376,0.5826056514928537
0.8359386644337572,0.08028925903792805,0.8245931791288375,0.8572004636776509
0.43081669097439085,0.36152384697298223,0.6264286203044642,0.8449916098272849
0.726730323224544,0.3783737934549085,0.8954944027715792,0.539189022468898
0.5439168172873224,0.2706956377079942,0.6209428761764919,0.5657425058680636
0.5503054370228775,0.013434030704396617,0.7819246173233927,0.674015120528036
0.6218149818649423,0.0934844776636966,0.41582324623110983,0.6682263008986433
0.542146813376768,0.300234339433804,0.5041771013773845,0.8634466178003655
0.8077360477240496,0.1821721107803468,0.8034984614191474,0.41589299651805234
0.46796631482754575,0.001609539122802417,0.792525600642755,0.47037298869185534
0.47693641732729575,0.023911414151578117,0.6189644748979402,0.6823251468098401
0.5309888820665711,0.38553477411534276,0.5581441096704498,0.47988663840117596
0.6024929872543615,0.35239322070897416,0.8685021295681342,0.8886801601259615
0.7465056592577273,0.1371645185145959,0.8582581321518041,0.6093956834154262
0.6255269522146591,0.20414893514683655,0.7531468344472148,0.591036945189981
0.5180108698064012,0.23263814463226315,0.5072320963563663,0.5732263415972222
0.8713422330334868,0.010580193120503845,0.7820237864605537,0.46682602442688653
0.5623340378526647,0.24743169651818708,0.575822737147192,0.7075246863421951
0.6599885747830723,0.07928999324523422,0.5501163167074443,0.6540622216784169
0.5557308912590663,0.2497919722003928,0.6431634417671247,0.8661149415562814
0.7270399671381309,0.10169459824499234,0.5100918537474652,0.7218644325363822
0.7011255841877998,0.07152909174802638,0.6709893577665683,0.5051061205000842
0.577191287555685,0.18138667455884971,0.5904011189798638,0.8105927332092232
0.5930384561527766,0.2836772565956311,0.4338453059535892,0.8004382393998042
0.49236148088511067,0.045686298671212724,0.613286254637047,0.8473994274402024
0.6724205493010234,0.37336497236077193,0.565673165491517,0.4557821551677792
0.7028731845029483,0.3614091116213243,0.8981168894184942,0.8126057245952688
0.6194263334734063,0.362415078092793,0.4297060753501492,0.6413974969316981
0.5784979587068142,0.09745557757191468,0.4099754874920931,0.5730399706735932
0.8217956035831436,0.1483103648193619,0.560034584844449,0.8615535592739756
0.7368701949994811,0.2215693416473489,0.8764000495862352,0.6405702685771812
0.6686067875825628,0.22540867042340973,0.4860655930308556,0.5476920162578154
0.6589721058345852,0.25792128042645834,0.8908695724634677,0.5593193058027264
0.5234325204424448,0.07119593190546172,0.4382821966870349,0.7719425814345601
0.7513195772857673,0.012575169303905254,0.4844768270832749,0.7691501741272153
0.5630190496075493,0.28780089886688714,0.5162226850432701,0.6864736004569694
0.7925867374142024,0.2566721144418935,0.45909996721165003,0.4677117341632533
0.8716693194467869,0.13503049713188675,0.6749490390254598,0.791852108101076
0.6046553993597656,0.07357235859453785,0.49035640254340845,0.45445767786365315
0.4357469219963459,0.38185082059974623,0.7835231060681238,0.4809007045969639
0.6846156928766476,0.39443358814167584,0.8558442738928218,0.6591212100315362
0.8542682469503203,0.2592533545783173,0.416713354620931,0.7052844673012071
0.5144403526545122,0.21159690336255532,0.8435025331945055,0.6891408002541299
0.5490385378732012,0.2901352063237445,0.7468460861693225,0.40622676037794586
0.6857424744891871,0.1652253398707976,0.6857126661130968,0.8781421455385474
0.42576246106746873,0.28532234608211277,0.4760452719843696,0.4035637659692662
0.8498270158381178,0.27872165398864684,0.7083024709781479,0.5978923713244875
0.7445777461542598,0.3388329916077888,0.7092040081202946,0.45866785479084204
0.6646083061133681,0.1553956492175221,0.8959187270427601,0.48791486212368995
0.6508383597036184,0.37368707839742865,0.7460050657332935,0.8332102026496506
0.7260126235333717,0.12343314957911722,0.5194803374935254,0.7806140369296208
0.7297489840694835,0.3442610716313341,0.8785706330241405,0.8014879209869255
0.6617124277850206,0.018552004700017565,0.6194571234494206,0.7284316637817385
0.7346879463696878,0.14675978987242524,0.5868257687703382,0.6269725806653119
0.8113661385459455,0.08449770226208485,0.6700212846003593,0.8039771398399587
0.43880606470142897,0.2770234827411651,0.8787151422072392,0.885204515284712
0.46169781261548826,0.15725990136116327,0.7771695681197492,0.7736631888549225
0.7787863386052052,0.016456115514369343,0.695430843521303,0.5682917255477067
0.645958544453385,0.0517426537440707,0.848168829017723,0.5471895188380609
0.7309853343410837,0.3491691868261569,0.5709298082936871,0.5583119620243328
0.7447721696454118,0.21591377700371428,0.47433633699939914,0.768800458294473
0.8824319958882063,0.3851135236903979,0.42069484913847693,0.6618987172644291
0.4703249393485294,0.030826778967379644,0.5605707144575557,0.44576376264071793
0.8076531254955808,0.09499192204065432,0.5273909715749532,0.877416762983211
0.74718734039223,0.07121634729321769,0.7731192900880772,0.5467218258826851
0.4616893436704814,0.17375560937332027,0.6687026237885932,0.8579166192859236
0.7769514048472879,0.1753241824661807,0.7329317358315885,0.4596842710411938
0.8220315917415719,0.20477214774429064,0.49685446431981267,0.8958793597462609
0.8750441648404162,0.09093496229537777,0.4943587924320833,0.5866101585159575
0.40484337375313345,0.3594423213745283,0.633013203231046,0.46090100594582256
0.6478589377628396,0.3580689431735347,0.7485887574487485,0.8591956110062697
0.5057033529793473,0.04819909163506027,0.5868984702090334,0.655482320826956
0.7128910766903769,0.1241643008617846,0.717330675030106,0.7912160339013087
0.569279543809341,0.38842140501154926,0.6981516818376684,0.5664473100715064
0.584632936547361,0.07461490449675275,0.7290091423009581,0.7832423114541391
0.4209430021084306,0.26121238437525995,0.534561365606065,0.5298907368637178
0.7461061601804357,0.29545216822948855,0.7688698167959211,0.7237137217171915
0.4728088805109433,0.30060930792069895,0.40604718181455973,0.5665453037307255
0.6490981041266163,0.3270145965622998,0.44109252512440983,0.8414338926361087
0.43812036438015883,0.27317737180370133,0.47467408427937147,0.7159673453794018
0.5374241933817514,0.0001819184722564593,0.4747794671050036,0.8037434277105596
0.6350202513740717,0.1383785694307004,0.7499041707564249,0.8942309034701159
0.8314168014686449,0.15284316852798385,0.6330817387343224,0.8579776809347004
0.5373001364503898,0.30067442462429705,0.7982518767181404,0.4876173129459628
0.5572549191590142,0.3845102202486237,0.8600442688273116,0.8559368795619748
0.6673902929240461,0.3323817278955931,0.7272325403783058,0.6472543644513152
0.7420800251759663,0.010396994242095127,0.4946950343283871,0.6672817847667997
0.7938414717272685,0.10151918890415966,0.5637396356682356,0.689075843205573
0.47139643728481695,0.11032617389217698,0.7031878738553874,0.6869660312477864
0.7501261416429656,0.27705402302266385,0.555600295206493,0.6823263515803356
0.8886114113683494,0.28175751554688083,0.4199889731420453,0.5788803337746504
0.733952626572566,0.3202514339753806,0.7064165022949733,0.628092725899831
0.49484230833219933,0.302862459390554,0.5004757157379578,0.622425266294566
0.8188494752299813,0.1576108763513814,0.8310605603132208,0.8326579573152384
0.6329528851830617,0.09369646780568974,0.6683241688643865,0.8145306959626614
0.8870115573608233,0.14431659198521354,0.5875663394133775,0.5246766654603137
0.5922505846218812,0.09925671237233909,0.5163948091152757,0.8346765168523537
0.8041218204611085,0.09505881175105878,0.8276632923186241,0.6571593220163539
0.8035118602359491,0.31440135442197154,0.4268344798107585,0.7995963564465564
0.5350578895685849,0.3696948011030632,0.6284351958871066,0.76996423169823
0.7954742199473437,0.27050763142031925,0.441700180681312,0.5684235858043419
0.6958633066248752,0.3382349850845656,0.5716068335074679,0.7199618873190665
0.6463783790282458,0.16903217756943004,0.7432789362927205,0.5304099289260664
0.820048351023119,0.02475875996592878,0.5338790504411592,0.7709311415847522
0.5925016096179678,0.005380258075519562,0.6921517705731941,0.7357656451629186
0.8038368553872456,0.023347568687733047,0.854871558350024,0.44678364314755203
0.6698886059853575,0.3302783798186825,0.8687288091410041,0.42818840350591564
0.6490938549539931,0.35469421047709454,0.4789434172370204,0.5400731201008746
0.4740897597886092,0.1766329015712445,0.8322294566564432,0.5037446685977118
0.7702022780078206,0.05435129694590644,0.5755999872462049,0.41140617024705467
0.8272727638372741,0.09993129898489635,0.8992290862046576,0.5861090071363529
0.6524439055490485,0.2178651398712042,0.7636749187702103,0.8817299779044794
0.7745754195112724,0.24758469377205558,0.8346876092754323,0.8139273751295231
0.5016860330250213,0.25928838301346474,0.6758486390196236,0.5029611558045372
0.8328246930658396,0.2048126238549481,0.6480878234980243,0.6774538898126095
0.8545034067785684,0.11132967614953455,0.49015464390031654,0.6758808073001834
0.5455476540745979,0.3600964429399208,0.8009539802333412,0.8300651209214108
0.8934569686511363,0.011951529293046194,0.42245004410642367,0.5569239548356164
0.6340850242565983,0.025415525559101006,0.5096268770006924,0.5146481754447468
0.842828855683034,0.18824042315566045,0.7702147874353172,0.4300218168823116
0.45642534153720227,0.24402147307302197,0.7252254133928588,0.7724723386826411
0.6249433563601201,0.3372810618128681,0.7159219970383267,0.8991415519557957
0.8088893790620191,0.16077199442310286,0.7637616529199907,0.5644825197069907
0.5773374361332508,0.033465841269578925,0.7939729461127741,0.8411261828910195
0.49930066910997783,0.07090884143308784,0.7422433865904693,0.730313513447675
0.45356074059932716,0.06992215151106866,0.4125414169472485,0.7111931873548734
0.7981874654125635,0.00544721111545492,0.5325718608208729,0.4533365920628392
0.755821620526399,0.16881671526494968,0.872650478434009,0.4150201886387624
0.8658978971238649,0.3233496249565846,0.5557317082801667,0.7963263417206632
0.8284744650923163,0.2346042248347514,0.5601443597435622,0.5385094685650325
0.6691485916287423,0.32007636549819773,0.596586872662983,0.7577384269016988
0.7484745721231185,0.33161500196634863,0.6680424360510935,0.6830073038963469
0.501541974630593,0.16605740766487523,0.7443667226034254,0.5975540140419033
0.6787286857131731,0.07196277748278926,0.5695999966910437,0.7181464875486302
0.7639311694841879,0.053887860531486004,0.8002090231971883,0.835754840616203
0.6333307060405209,0.012789260586852614,0.6347569619559966,0.40071117030769954
0.7034294932908677,0.31815508271670745,0.8959906142733572,0.7071898885053824
0.44674997076933853,0.2725684865079347,0.4791302550776644,0.6088192556364879
0.4544100448930037,0.07613128780491843,0.7616796447331492,0.8186974370872456
